{
  "weights": [
    0.2983802808021747,
    0.32454146797443284,
    0.48490273307615106,
    1.1132718641953896,
    0.21658885165925768
  ],
  "bias": -1.850466766269103,
  "featureNames": [
    "age",
    "bmi",
    "fastingGlucose",
    "a1c",
    "familyHistory"
  ],
  "featureMeans": [
    50.00983767840515,
    27.158858336569338,
    105.06339001362097,
    6.045358432617281,
    0.3571875
  ],
  "featureStds": [
    13.613332256441163,
    4.887495244772475,
    24.315646419571877,
    1.0156054312033453,
    0.47917073141391997
  ],
  "trainedAt": "2026-04-29T11:04:21.065Z",
  "trainingSize": 3200,
  "metrics": {
    "trainAccuracy": 0.828125,
    "holdoutAccuracy": 0.80625,
    "epochs": 1500,
    "learningRate": 0.05
  }
}